firstName,lastName,linkedinUrl,company
"Dhiraj","G.","https://www.linkedin.com/in/dhirajgatmane?miniProfileUrn=urn%3Ali%3Afs_miniProfile%3AACoAAEYuxBYB7Gw2vawxJC2GB5MZfAQtEf3W_AI","stoodive"
"Allen","Naliath","https://www.linkedin.com/in/allennaliath?miniProfileUrn=urn%3Ali%3Afs_miniProfile%3AACoAAC50AtUBbXQ_c-nsIT5tpHAs2KXhAVsqxCI","Friday (YC F24)"
"Shardool","Patel","https://www.linkedin.com/in/sp97?miniProfileUrn=urn%3Ali%3Afs_miniProfile%3AACoAACb_pi4B0vb_SfU2n26vbs0YXazzWuc9Qfw","Ex-Palantir"
"Oliver","W.","https://www.linkedin.com/in/oliverbraly?miniProfileUrn=urn%3Ali%3Afs_miniProfile%3AACoAACUM3GoByNPLN73nxtGP1KB0xzpvwDSy4ic","fixa (YC F24)"
"Louis","de Vallière","https://www.linkedin.com/in/ldevalliere?miniProfileUrn=urn%3Ali%3Afs_miniProfile%3AACoAAAS1JvUB59qwwKJSKd-0-_ySflDCVvZXUu4","Tiny (YC F24)"
"Himanshu","Chauhan","https://www.linkedin.com/in/himanshu-singh--chauhan?miniProfileUrn=urn%3Ali%3Afs_miniProfile%3AACoAADcux1QBfcDlTP15V0dmaS1HoTukGX64V1U","PearAI (YC F24)"
"Alexandre","Berkovic","https://www.linkedin.com/in/alexandreberkovic?miniProfileUrn=urn%3Ali%3Afs_miniProfile%3AACoAACVuunkBwrx0wVHZf5OJhAdgVH85k4GiBmk","Sphinx (YC F24)"
"Nithin","Parsan","https://www.linkedin.com/in/nithin-parsan?miniProfileUrn=urn%3Ali%3Afs_miniProfile%3AACoAACIjIw4B7jdSdpfhzpjAMfpXiyvNPoqo3Vc","MIT CS + Biology"
"Tarush","Agarwal","https://www.linkedin.com/in/tarush-agarwal?miniProfileUrn=urn%3Ali%3Afs_miniProfile%3AACoAACaRggABPulIDOP3cE9rzc36KLK3g1KZ8ok","IITB CS"
"Dudu","Lasry","https://www.linkedin.com/in/dudu-lasry-05022879?miniProfileUrn=urn%3Ali%3Afs_miniProfile%3AACoAABCVwDwBKfGwJEo5KV4W_ArvtPNEVajSnLM","Vespper (YC F24)"
"Abhilash","Chowdhary","https://www.linkedin.com/in/abhilashchowdhary?miniProfileUrn=urn%3Ali%3Afs_miniProfile%3AACoAAAxLzxABgXUODmAZY4ZFYAxenZ10K0hTyY4","Crustdata (YC F24)"
"Simranjit","Singh","https://www.linkedin.com/in/simranjit2112?miniProfileUrn=urn%3Ali%3Afs_miniProfile%3AACoAABNSrUMBqA76h1Uhu7DDHepFpnnlpZru7p0",""
"Glenn","E.","https://www.linkedin.com/in/glennespinosa?miniProfileUrn=urn%3Ali%3Afs_miniProfile%3AACoAAATKCjgBOa8HqHuIZdPIlD04EVYvA2LKgq4","Luthor (YC F24)"
"Chris","Pisarski","https://www.linkedin.com/in/chris-pisarski?miniProfileUrn=urn%3Ali%3Afs_miniProfile%3AACoAAAeoARABWDyz1EU75HBBvc_rK3ACMCPCkVc","Crustdata (YC F24)"
"Rohan","Parikh, CFA","https://www.linkedin.com/in/parikhrohan?miniProfileUrn=urn%3Ali%3Afs_miniProfile%3AACoAAAUmhC8BzHUqVODJJwh4Teqr3Jd7GywyQ6Y","Keye (YC F24)"
"Nalin","Semwal","https://www.linkedin.com/in/nsemwal?miniProfileUrn=urn%3Ali%3Afs_miniProfile%3AACoAADzfX9MBY3fFJSaWOXHRU1xaTSmbWdhYGZ4","Capy"
"Stephen","Grinich","https://www.linkedin.com/in/stephengrinich?miniProfileUrn=urn%3Ali%3Afs_miniProfile%3AACoAABBm43UBNmNiY05LFiqjodGAMWijawh36H4","HealthSpark (YC F24)"
"Tyler","Rich","https://www.linkedin.com/in/tylerrich?miniProfileUrn=urn%3Ali%3Afs_miniProfile%3AACoAABBRgPgBHezbffJ2uIGGCUxbEqtghtgRnvI","Moonset Health (YC F24)"
"Sayan","Chakraborty","https://www.linkedin.com/in/sayanc2000?miniProfileUrn=urn%3Ali%3Afs_miniProfile%3AACoAAC1q8yUBOu9enMzkN8IUhogJwRq7sHhd4Qc","Asha Health YC F24"
"Shashij","Gupta","https://www.linkedin.com/in/shashij-gupta-671aa614a?miniProfileUrn=urn%3Ali%3Afs_miniProfile%3AACoAACQc7jUBQ8b9ziIhq3Ibi2cb8NjF1ft0H_k","IIT Bombay"
"Dexter","Horthy","https://www.linkedin.com/in/dexterihorthy?miniProfileUrn=urn%3Ali%3Afs_miniProfile%3AACoAAA4oHTkByAiD-wZjnGsMBUL_JT6nyyhOh30","more reliable AI agents"
"Bella","Wu","https://www.linkedin.com/in/bellacwu?miniProfileUrn=urn%3Ali%3Afs_miniProfile%3AACoAAAZXg2cBi_mGEcKhwlOxtqThM5X_PNqSLLA","Dexter (YC F24)"
"Manmohit","Grewal","https://www.linkedin.com/in/manmohitgrewal?miniProfileUrn=urn%3Ali%3Afs_miniProfile%3AACoAACFZ9YkBI-6eHJOx8a-KRhQmEZIKPAZdsLg","Crustdata (YC F24)"
"Sidhant","Kabra","https://www.linkedin.com/in/sidhantkabra?miniProfileUrn=urn%3Ali%3Afs_miniProfile%3AACoAACQQrn4Bemz4QW8BNUcZjDKhTWKo6--2GcM","IIT Bombay"
"Gavin","Saldanha","https://www.linkedin.com/in/gavin-v-saldanha?miniProfileUrn=urn%3Ali%3Afs_miniProfile%3AACoAABAsp9IB1RTNMRFHwh95Sdbbu-poL1Afw0o","Lightscreen AI"
"John","Yang","https://www.linkedin.com/in/johnyang101?miniProfileUrn=urn%3Ali%3Afs_miniProfile%3AACoAACuB4yIBQMsyEGuAQoEzjoSZnPy34ZNwGVA","MIT Alum"
"Fenil","Suchak","https://www.linkedin.com/in/fenilsuchak?miniProfileUrn=urn%3Ali%3Afs_miniProfile%3AACoAACA4xj0B8rKGyKWxtWJrl1m2lyo93Ef0gOQ","OpenFunnel (YC F24)"
"Anam","H.","https://www.linkedin.com/in/anam-h-5b37a2125?miniProfileUrn=urn%3Ali%3Afs_miniProfile%3AACoAAB7oHtcBTmSKeExBMn_9va_oBA-DugGSxx0","Revyl"
"Edward","Aryee","https://www.linkedin.com/in/edwardaryee?miniProfileUrn=urn%3Ali%3Afs_miniProfile%3AACoAAAs1b0oBgsa9PWOPISc38vXWOCgUtSf1ZQI","SRE.ai (YC F24)"
"Landseer","Enga","https://www.linkedin.com/in/landseerenga?miniProfileUrn=urn%3Ali%3Afs_miniProfile%3AACoAAC9Q53sBHza_I3otePKzcSblpdStI0JCO-c","Revyl"
"Huzaifa","Sial","https://www.linkedin.com/in/hsial?miniProfileUrn=urn%3Ali%3Afs_miniProfile%3AACoAAAOCdGwBShNODGgkVdxdhKkalbgvM1Z6GTs","Helpcare AI (YC F24)"
"Michael","Tong","https://www.linkedin.com/in/michaelytong?miniProfileUrn=urn%3Ali%3Afs_miniProfile%3AACoAADa2FYEByPC6q2OyIfK2CEQC-kEoAX5kSQQ","RevisionDojo (YC F24)"
"Bowen","Liu","https://www.linkedin.com/in/bowen-liu?miniProfileUrn=urn%3Ali%3Afs_miniProfile%3AACoAACUm6AsBwI0ix7Bs1pSCd1Daxhx07LvXk5U","RevisionDojo (YC F24)"
"Akhil","Gupta","https://www.linkedin.com/in/akhil-climate?miniProfileUrn=urn%3Ali%3Afs_miniProfile%3AACoAACiYIxUBG86RaXsHwXyn0cgJ6ZyT3kYhhlk","Fresco (YC F24)"
"Usama","Syed, MD","https://www.linkedin.com/in/usama-syed-md-419b0078?miniProfileUrn=urn%3Ali%3Afs_miniProfile%3AACoAABCJhlUB0VPtUTFJCpm-3hHGYsjx_HZP-LM","FutureClinic (YC F24)"
"John","Espinosa","https://www.linkedin.com/in/johnespinosa1988?miniProfileUrn=urn%3Ali%3Afs_miniProfile%3AACoAAAxHjI8BhVEq5xwujodub21eGodw00XQQ90","Luthor (YC F24)"
"Kesav","Kosana","https://www.linkedin.com/in/kesavkosana?miniProfileUrn=urn%3Ali%3Afs_miniProfile%3AACoAACn6mmEBvdI7CqnNcr4ML2BK2RWE4fuJO5E","BookMyFlight (YC F24)"
"Elie","Dufeu Goldenberg","https://www.linkedin.com/in/elie-dufeu-goldenberg?miniProfileUrn=urn%3Ali%3Afs_miniProfile%3AACoAACUh9sYB0d2nUTK7o-LqTmNn03LPYnJ45Ro","Metreecs (YC F24)"
"Thomas","Blake","https://www.linkedin.com/in/thomas-blake-abbba0151?miniProfileUrn=urn%3Ali%3Afs_miniProfile%3AACoAACSpRC8B2YVZEE6K81S5tC8BaE2OHiz3vQQ","Astrix Health"
"Murtaza","Ali","https://www.linkedin.com/in/-murtazaali?miniProfileUrn=urn%3Ali%3Afs_miniProfile%3AACoAAAaRgdQBPnwhF7PCgiElWMQ87iKQcwYxV7U","Symphony (YC F24)"
"Alexander","Sporenberg","https://www.linkedin.com/in/alexandersporenberg?miniProfileUrn=urn%3Ali%3Afs_miniProfile%3AACoAACCvhJUBG3VjpHnOQoHAXJwcvUmQwlW0mhc","Legal Tech"
"Anthony","H.","https://www.linkedin.com/in/ahumay?miniProfileUrn=urn%3Ali%3Afs_miniProfile%3AACoAAAsEqssBrnDbVPU14bdazB2QjXz9uJPmoDg","Meta"
"Ishaan","Gangwani","https://www.linkedin.com/in/ishaan-gangwani-3a7792241?miniProfileUrn=urn%3Ali%3Afs_miniProfile%3AACoAADwYDK8BLgoXKATKTbOBeTjeiEHzvKgr7Fc","InkVell"
"Anirudh","Ramprasad","https://www.linkedin.com/in/anirudh-ramprasad-7aa7b8215?miniProfileUrn=urn%3Ali%3Afs_miniProfile%3AACoAADZm2XIB-WFsO9UrDRZH-LNIlKArWQaCvIE",""
"Naman","Wahi","https://www.linkedin.com/in/naman-wahi?miniProfileUrn=urn%3Ali%3Afs_miniProfile%3AACoAACMk4fwBwrBCY9NrMmCNR8xeaYz29WI_260","Karmen (YC F24)"
"Caroline",""Shoe" Shoemaker","https://www.linkedin.com/in/shoe-shoemaker?miniProfileUrn=urn%3Ali%3Afs_miniProfile%3AACoAABgti14BkiyzvZqVcbPSlB4RwpMpfKzs09A",""
"Felix","Gerlach","https://www.linkedin.com/in/felixgerlach?miniProfileUrn=urn%3Ali%3Afs_miniProfile%3AACoAABHWnr8BEQZHg2GT_YhjAYhHfSMeFUxafHI",""
"Arkam","Khan","https://www.linkedin.com/in/arqum333?miniProfileUrn=urn%3Ali%3Afs_miniProfile%3AACoAACG0_X4BZbE3hbkngauOhvnCMcl-f-lFgsw","OpenFunnel (YC F24)"
"Shyam","Manchhani","https://www.linkedin.com/in/shyammanchhani?miniProfileUrn=urn%3Ali%3Afs_miniProfile%3AACoAADLRezwBYVIZj70XrduJg37wutoD558q9w0","Mood Indigo"
"Jack","Considine","https://www.linkedin.com/in/johnpconsidine?miniProfileUrn=urn%3Ali%3Afs_miniProfile%3AACoAABYeuBgBpqS6f7SuLQaB4cDDeBNj2VSe2EA","Getcho (YC F24)"